,vocabulary
0,entrance
1,devotion
2,oxidize
3,age
4,dispatch
5,fatigue
6,anguish
7,guess
8,impotency
9,attain
10,crystallisation
11,join
12,quit
13,innovate
14,beat
15,militarization
16,priest
17,stretching
18,propagate
19,dentine
20,falsity
21,supplant
22,standpoint
23,shrub
24,rational
25,owe
26,arouse
27,slay
28,domain
29,dependence
30,orientate
31,flavour
32,mishap
33,sorption
34,ordinal
35,citrus
36,smallness
37,embody
38,exempt
39,humor
40,prune
41,contemplate
42,calling
43,readiness
44,usefulness
45,allotment
46,die
47,string
48,bit
49,salience
50,inadequacy
51,look
52,toiletry
53,statue
54,emphasis
55,essential
56,gall
57,disk
58,mix
59,pike
60,typeface
61,safety
62,profit
63,exaggerate
64,hit
65,liberty
66,demeanour
67,honor
68,regret
69,choice
70,braveness
71,result
72,performance
73,please
74,indulge
75,transformation
76,wellbeing
77,person
78,surcharge
79,inaction
80,header
81,seize
82,assault
83,route
84,perspective
85,subdivision
86,negate
87,craftsman
88,toughen
89,nudity
90,revitalization
91,brute
92,evacuation
93,photo
94,leave
95,partition
96,lumber
97,meter
98,jubilance
99,drench
100,gumption
101,seats
102,judgment
103,quash
104,depart
105,inhabitant
106,bullying
107,damage
108,fortification
109,coerce
110,replacing
111,clause
112,chapeau
113,coupling
114,desire
115,bank
116,decease
117,pouch
118,stomach
119,examination
120,pinch
121,clarity
122,exultation
123,dirt
124,bacterium
125,presume
126,coercion
127,disparage
128,creature
129,carelessness
130,thigh
131,subgroup
132,seem
133,bone
134,center
135,toughness
136,ability
137,machinery
138,withdraw
139,tautness
140,proceeding
141,irritation
142,snap
143,breakdown
144,oldster
145,penchant
146,bunch
147,drapery
148,violate
149,watercolour
150,house
151,boast
152,centre
153,ship
154,whole
155,disaffection
156,assistance
157,photograph
158,depreciate
159,glumness
160,sharpener
161,forbear
162,timber
163,fecundity
164,issue
165,belt
166,retreat
167,earn
168,aftermath
169,testament
170,dramaturgy
171,acquire
172,criminalise
173,paving
174,sausage
175,plus
176,nobility
177,league
178,trap
179,luggage
180,failing
181,simplify
182,rampage
183,reflector
184,technology
185,laugh
186,image
187,bubble
188,coin
189,broach
190,catastrophe
191,sift
192,effect
193,detergent
194,gratify
195,track
196,privacy
197,abide
198,contention
199,nation
200,landing
201,yaw
202,unveil
203,douse
204,pinniped
205,handcart
206,unwillingness
207,stronghold
208,require
209,attentiveness
210,variance
211,flowing
212,determine
213,utilisation
214,solidify
215,son
216,promise
217,compete
218,legislature
219,middle
220,prison
221,beguile
222,evasion
223,beast
224,impermeability
225,impoverishment
226,choose
227,mounting
228,preventative
229,thinker
230,contend
231,dampen
232,proposal
233,anthology
234,mind
235,passageway
236,armor
237,expulsion
238,choreography
239,characterization
240,peril
241,infection
242,thickness
243,raptor
244,disappear
245,evolve
246,score
247,utilise
248,ceremony
249,transfuse
250,sinking
251,mural
252,hollo
253,repulse
254,round
255,code
256,mischief
257,associate
258,counsel
259,headquarters
260,killing
261,dissemination
262,affair
263,contraceptive
264,destiny
265,humble
266,wit
267,airplane
268,prize
269,visualize
270,immovable
271,tegument
272,conduct
273,breaking
274,copulation
275,paseo
276,intrust
277,egress
278,spiel
279,plaintiff
280,hinder
281,publicise
282,motivator
283,inflect
284,wetness
285,grass
286,appropriate
287,scuttlebutt
288,terminal
289,drama
290,teem
291,sportfishing
292,clip
293,kibosh
294,molding
295,get
296,texture
297,discernment
298,gathering
299,append
300,fertiliser
301,grain
302,option
303,mobilisation
304,rain
305,demobilisation
306,mother
307,enzyme
308,avoidance
309,speculator
310,exterior
311,adapt
312,broadcasting
313,beverage
314,dissension
315,dispel
316,solid
317,cheer
318,partiality
319,extrusion
320,pair
321,reckon
322,structure
323,telephone
324,handgun
325,offender
326,walk
327,striker
328,district
329,scheme
330,supply
331,undertaking
332,gossiper
333,slumber
334,delay
335,equality
336,hush
337,visit
338,news
339,elder
340,soiling
341,market
342,document
343,wee
344,eatery
345,shrivel
346,stylus
347,accouterment
348,pampering
349,grieve
350,serving
351,taunt
352,grassland
353,profane
354,salary
355,sanction
356,ordinary
357,strongbox
358,succour
359,personnel
360,union
361,estate
362,gratification
363,tilling
364,rubbish
365,enculturation
366,stranger
367,react
368,duplication
369,tumble
370,reckoning
371,adroitness
372,retainer
373,slab
374,soak
375,cortege
376,proof
377,wetting
378,limousine
379,collapse
380,savor
381,response
382,publishing
383,make
384,archbishop
385,summation
386,falsify
387,reason
388,excrement
389,bust
390,deftness
391,commentary
392,foolhardiness
393,polish
394,dwell
395,family
396,sail
397,marque
398,chip
399,encumbrance
400,inhale
401,effusion
402,revolution
403,ideal
404,treatise
405,chamfer
406,pome
407,earth
408,cast
409,boon
410,termination
411,heighten
412,flavouring
413,retailer
414,brain
415,curb
416,jacket
417,visitor
418,clog
419,crash
420,occurrence
421,plainness
422,loss
423,money
424,enlace
425,assailant
426,fencing
427,consciousness
428,devastation
429,industriousness
430,attack
431,tournament
432,activity
433,sum
434,pry
435,anatomy
436,riches
437,niche
438,buffoon
439,absence
440,domesticate
441,nucleotide
442,joy
443,amend
444,talking
445,philia
446,diplomatist
447,ostentation
448,adopt
449,strength
450,mien
451,immobilize
452,upkeep
453,filmmaker
454,immune
455,net
456,engrave
457,accoutrement
458,receive
459,marketer
460,elector
461,regard
462,revolt
463,sow
464,flourish
465,agree
466,employ
467,marker
468,running
469,recollection
470,champion
471,sidestep
472,packaging
473,hatful
474,ingress
475,deputize
476,aver
477,orchestra
478,peevishness
479,manoeuvre
480,show
481,inducement
482,security
483,unresponsiveness
484,grandparent
485,cleaning
486,sepia
487,individual
488,partizan
489,synthetic
490,publication
491,sap
492,belief
493,viewer
494,saying
495,explosive
496,strike
497,wickedness
498,whisky
499,virus
500,coiffure
501,degradation
502,shrink
503,disaster
504,shake
505,widen
506,maternity
507,amazement
508,summarize
509,teach
510,nightfall
511,offer
512,dedicate
513,bake
514,mislead
515,propellor
516,yeast
517,flip
518,resoluteness
519,hire
520,crimp
521,pavement
522,amount
523,observe
524,replication
525,comprehensibility
526,crepuscule
527,presage
528,surfactant
529,wrapping
530,grow
531,proposition
532,factory
533,destruction
534,kinsfolk
535,intelligence
536,demesne
537,hardship
538,take
539,eliminate
540,diminish
541,yielding
542,difference
543,finishing
544,brown
545,ocean
546,dislike
547,apsis
548,fulfill
549,deputise
550,smell
551,delegation
552,husbandman
553,impression
554,fascist
555,irritate
556,specialness
557,frivolousness
558,conventionalism
559,sieve
560,goody
561,reality
562,approval
563,frequency
564,width
565,exhale
566,victimize
567,forego
568,resurgence
569,hope
570,mechanism
571,design
572,appetizer
573,reference
574,ceramic
575,check
576,transmitting
577,fear
578,earthquake
579,apologize
580,dessert
581,decorate
582,gaming
583,alimentation
584,disputation
585,buy
586,incorrectness
587,spoil
588,aid
589,utilization
590,harmonize
591,national
592,adjoin
593,framework
594,stuff
595,travelling
596,browse
597,sync
598,inventiveness
599,concept
